corrida,tipo,n_esperados,n_en_contexto,tasa_contexto,n_citados,tasa_cita,n_pipeline_ok,tasa_pipeline,brecha_contexto_cita,mrr,pct_hits_top1,pct_hits_top3,pct_hits_call_book,n_citas_espurias_rrs,n_citas_espurias_call,n_citas_espurias_total
corrida baseline,RRS,27,11,0.4074074074074074,6,0.2222222222222222,4,0.14814814814814814,0.18518518518518517,0.21428571428571427,0.36363636363636365,0.45454545454545453,0.7272727272727273,7,9,16
corrida baseline,CALL,15,4,0.26666666666666666,2,0.13333333333333333,2,0.13333333333333333,0.13333333333333333,0.06055555555555556,0.0,0.25,1.0,7,9,16
