corrida,tipo,n_esperados,n_en_contexto,tasa_contexto,n_citados,tasa_cita,n_pipeline_ok,tasa_pipeline,brecha_contexto_cita,mrr,pct_hits_top1,pct_hits_top3,pct_hits_call_book,n_citas_espurias_rrs,n_citas_espurias_call,n_citas_espurias_total
prompt_v3_en_out,RRS,27,21,0.7777777777777778,8,0.2962962962962963,8,0.2962962962962963,0.48148148148148145,0.18686067019400351,0.047619047619047616,0.2857142857142857,0.0,18,7,25
prompt_v3_en_out,CALL,15,3,0.2,1,0.06666666666666667,1,0.06666666666666667,0.13333333333333333,0.04888888888888889,0.0,0.3333333333333333,0.0,18,7,25
