corrida,tipo,n_esperados,n_en_contexto,tasa_contexto,n_citados,tasa_cita,n_pipeline_ok,tasa_pipeline,brecha_contexto_cita,mrr,pct_hits_top1,pct_hits_top3,pct_hits_call_book,n_citas_espurias_rrs,n_citas_espurias_call,n_citas_espurias_total
full_cupos_4_4,RRS,27,10,0.37037037037037035,3,0.1111111111111111,2,0.07407407407407407,0.25925925925925924,0.09907407407407406,0.1,0.2,0.5,8,8,16
full_cupos_4_4,CALL,15,2,0.13333333333333333,1,0.06666666666666667,1,0.06666666666666667,0.06666666666666667,0.017857142857142856,0.0,0.0,1.0,8,8,16
