corrida,tipo,n_esperados,n_en_contexto,tasa_contexto,n_citados,tasa_cita,n_pipeline_ok,tasa_pipeline,brecha_contexto_cita,mrr,pct_hits_top1,pct_hits_top3,pct_hits_call_book,n_citas_espurias_rrs,n_citas_espurias_call,n_citas_espurias_total
prompt_v2_cot,RRS,27,21,0.7777777777777778,0,0.0,0,0.0,0.7777777777777778,0.18686067019400351,0.047619047619047616,0.2857142857142857,0.0,5,14,19
prompt_v2_cot,CALL,15,3,0.2,2,0.13333333333333333,2,0.13333333333333333,0.06666666666666667,0.04888888888888889,0.0,0.3333333333333333,0.0,5,14,19
